slug,video_id,title,recorded_on,published_at,year,speakers,num_languages,url
adam_grant_how_to_stop_languishing_and_start_finding_flow,80686,איך להפסיק לדעוך ולהתחיל למצוא זרימה,2021-08-01,2021-09-07T14:59:52Z,2021,אדם גראנט,21,https://www.ted.com/talks/adam_grant_how_to_stop_languishing_and_start_finding_flow
molly_wright_how_every_child_can_thrive_by_five,79408,כיצד כל ילד יכול לשגשג עד גיל חמש,2021-07-21,2021-07-22T00:53:20Z,2021,מולי רייט,39,https://www.ted.com/talks/molly_wright_how_every_child_can_thrive_by_five
andrea_berchowitz_the_link_between_menopause_and_gender_inequity_at_work,79425,הקשר בין גיל המעבר ואי שוויון מגדרי בעבודה,2021-07-13,2021-07-13T15:05:59Z,2021,אנדראה ברקוביץ',23,https://www.ted.com/talks/andrea_berchowitz_the_link_between_menopause_and_gender_inequity_at_work
wendy_de_la_rosa_why_talking_to_your_friends_can_help_you_save_money,71237,למה לדבר עם החברים שלכם יכול לעזור לכם לחסוך כסף,2021-02-24,2021-02-24T15:24:00Z,2021,ונדי דה לה רוסה,33,https://www.ted.com/talks/wendy_de_la_rosa_why_talking_to_your_friends_can_help_you_save_money
elif_shafak_if_trees_could_speak,66869,אם עצים יכלו לדבר,2020-10-10,2020-10-10T16:41:19Z,2020,אליף שפק,33,https://www.ted.com/talks/elif_shafak_if_trees_could_speak
ariel_waldman_the_invisible_life_hidden_beneath_antarctica_s_ice,63749,The invisible life hidden beneath Antarctica's ice,2020-05-18,2020-07-14T15:12:41Z,2020,Ariel Waldman,37,https://www.ted.com/talks/ariel_waldman_the_invisible_life_hidden_beneath_antarctica_s_ice
dan_ariely_how_to_change_your_behavior_for_the_better,50957,איך לשפר את התנהגותנו,2019-06-06,2019-11-18T15:59:53Z,2019,דן אריאלי,29,https://www.ted.com/talks/dan_ariely_how_to_change_your_behavior_for_the_better
cady_coleman_what_it_s_like_to_live_on_the_international_space_station,52061,איך זה מרגיש לגור בתחנת החלל הבינלאומית?,2019-04-15,2019-11-13T16:30:33Z,2019,קאדי קולמן,35,https://www.ted.com/talks/cady_coleman_what_it_s_like_to_live_on_the_international_space_station
yeonmi_park_what_i_learned_about_freedom_after_escaping_north_korea,46598,מה למדתי על חופש אחרי שברחתי מצפון-קוריאה,2019-04-15,2019-08-30T14:55:50Z,2019,יאונמי פארק,32,https://www.ted.com/talks/yeonmi_park_what_i_learned_about_freedom_after_escaping_north_korea
katie_hood_the_difference_between_healthy_and_unhealthy_love,41353,ההבדל בין אהבה בריאה ולא בריאה,2019-04-15,2019-05-17T14:48:56Z,2019,קייטי הוד,34,https://www.ted.com/talks/katie_hood_the_difference_between_healthy_and_unhealthy_love
matt_beane_how_do_we_learn_to_work_with_intelligent_machines,32189,כיצד נלמד לעבוד עם מכונות חכמות?,2018-11-01,2019-02-04T15:56:32Z,2018,מאט בין,21,https://www.ted.com/talks/matt_beane_how_do_we_learn_to_work_with_intelligent_machines
lydia_machova_the_secrets_of_learning_a_new_language,29391,הסודות של לימוד שפה חדשה,2018-10-23,2019-01-04T15:45:49Z,2018,לידיה מקובה,44,https://www.ted.com/talks/lydia_machova_the_secrets_of_learning_a_new_language
amy_herman_a_lesson_on_looking,27846,שיעור בהתבוננות,2018-10-03,2018-12-06T15:40:55Z,2018,איימי הרמן,28,https://www.ted.com/talks/amy_herman_a_lesson_on_looking
yuval_noah_harari_why_fascism_is_so_tempting_and_how_your_data_could_power_it,16159,מדוע הפשיזם כה מפתה - ואיך הנתונים שלכם יכולים לחזק אותו,2018-04-10,2018-05-18T14:56:29Z,2018,יובל נוח הררי,31,https://www.ted.com/talks/yuval_noah_harari_why_fascism_is_so_tempting_and_how_your_data_could_power_it
rutger_bregman_poverty_isn_t_a_lack_of_character_it_s_a_lack_of_cash,2785,עוני אינו חוסר אופי; אלא מחסור בכסף,2017-04-24,2017-05-22T15:06:14Z,2017,רותגר ברגמן,35,https://www.ted.com/talks/rutger_bregman_poverty_isn_t_a_lack_of_character_it_s_a_lack_of_cash
robert_sapolsky_the_biology_of_our_best_and_worst_selves,2779,הביולוגיה של הצדדים הטובים ביותר והרעים ביותר שלנו,2017-04-24,2017-05-09T15:04:28Z,2017,רוברט ספולסקי,31,https://www.ted.com/talks/robert_sapolsky_the_biology_of_our_best_and_worst_selves
sangu_delle_there_s_no_shame_in_taking_care_of_your_mental_health,2739,אין בושה בדאגה לבריאות הנפש שלך,2017-02-11,2017-05-04T14:57:04Z,2017,סאנגו דלה,37,https://www.ted.com/talks/sangu_delle_there_s_no_shame_in_taking_care_of_your_mental_health
mona_chalabi_3_ways_to_spot_a_bad_statistic,2718,3 דרכים לזהות סטטיסטיקה גרועה,2017-02-15,2017-03-24T14:48:55Z,2017,מונה חלבי,25,https://www.ted.com/talks/mona_chalabi_3_ways_to_spot_a_bad_statistic
lux_narayan_what_i_learned_from_2_000_obituaries,2697,"מה למדתי מ 2000 הספדים
לוקס נראיאן",2017-01-26,2017-03-01T16:05:49Z,2017,לוקס נראיאן,35,https://www.ted.com/talks/lux_narayan_what_i_learned_from_2_000_obituaries
jeff_kirschner_this_app_makes_it_fun_to_pick_up_litter,2696,האפילקציה הזו הופכת איסוף אשפה לכיף,2016-12-13,2017-02-28T16:04:41Z,2016,ג'ף קירשנר,36,https://www.ted.com/talks/jeff_kirschner_this_app_makes_it_fun_to_pick_up_litter
sue_klebold_my_son_was_a_columbine_shooter_this_is_my_story,2681,הבן שלי היה אחד מהיורים בקולומביין. זה הסיפור שלי.,2016-11-30,2017-02-02T16:02:52Z,2016,סו קלבולד,32,https://www.ted.com/talks/sue_klebold_my_son_was_a_columbine_shooter_this_is_my_story
jennifer_brea_what_happens_when_you_have_a_disease_doctors_can_t_diagnose,2627,מה קורה כשיש לך מחלה שהרופאים לא מצליחים לאבחן,2016-06-27,2017-01-17T16:09:16Z,2016,ג'ן בראה,36,https://www.ted.com/talks/jennifer_brea_what_happens_when_you_have_a_disease_doctors_can_t_diagnose
adam_grant_are_you_a_giver_or_a_taker,2652,האם אתם נותנים או לוקחים?,2016-11-15,2017-01-03T15:37:47Z,2016,אדם גראנט,40,https://www.ted.com/talks/adam_grant_are_you_a_giver_or_a_taker
john_mcwhorter_4_reasons_to_learn_a_new_language,2595,4 סיבות ללמוד שפה חדשה,2016-02-16,2016-10-07T18:54:52Z,2016,ג'ון מקוורטר,46,https://www.ted.com/talks/john_mcwhorter_4_reasons_to_learn_a_new_language
monica_araya_a_small_country_with_big_ideas_to_get_rid_of_fossil_fuels,2562,מדינה קטנה עם רעיונות גדולים על איך להיפטר מדלקים מאובנים,2016-06-29,2016-08-15T15:08:11Z,2016,מוניקה אראיה,32,https://www.ted.com/talks/monica_araya_a_small_country_with_big_ideas_to_get_rid_of_fossil_fuels
tom_hulme_what_can_we_learn_from_shortcuts,2531,מה אנחנו יכולים ללמוד מקיצורי דרך?,2016-02-17,2016-06-24T14:46:05Z,2016,טום הולם,32,https://www.ted.com/talks/tom_hulme_what_can_we_learn_from_shortcuts
amit_sood_every_piece_of_art_you_ve_ever_wanted_to_see_up_close_and_searchable,2519,כל יצירת אמנות שאי פעם רציתם לראות - בהישג יד וניתנת לחיפוש,2016-02-17,2016-06-07T15:01:43Z,2016,עמית סוד,23,https://www.ted.com/talks/amit_sood_every_piece_of_art_you_ve_ever_wanted_to_see_up_close_and_searchable
zaria_forman_drawings_that_show_the_beauty_and_fragility_of_earth,2511,ציורים שמראים את היופי והשבריריות של כדור הארץ,2015-11-06,2016-05-25T15:00:38Z,2015,זריה פורמן,37,https://www.ted.com/talks/zaria_forman_drawings_that_show_the_beauty_and_fragility_of_earth
lidia_yuknavitch_the_beauty_of_being_a_misfit,2508,היופי בלהיות חריג,2016-02-18,2016-05-23T14:58:15Z,2016,לידיה יוקנביץ',34,https://www.ted.com/talks/lidia_yuknavitch_the_beauty_of_being_a_misfit
adam_grant_the_surprising_habits_of_original_thinkers,2474,ההרגלים המפתיעים של חושבים מקוריים,2016-02-16,2016-04-01T14:47:47Z,2016,אדם גרנט,40,https://www.ted.com/talks/adam_grant_the_surprising_habits_of_original_thinkers
latif_nasser_you_have_no_idea_where_camels_really_come_from,2455,אתם לא מתארים לעצמכם מאיפה גמלים מגיעים,2015-11-05,2016-03-23T14:56:13Z,2015,לאטיף נאסר,28,https://www.ted.com/talks/latif_nasser_you_have_no_idea_where_camels_really_come_from
tim_urban_inside_the_mind_of_a_master_procrastinator,2458,להיכנס אל תוך ראשו של דחיין מקצועי,2016-02-16,2016-03-15T18:36:59Z,2016,טים אורבן,49,https://www.ted.com/talks/tim_urban_inside_the_mind_of_a_master_procrastinator
al_gore_the_case_for_optimism_on_climate_change,2441,בזכות האופטימיות בסוגיית שינויי האקלים,2016-02-17,2016-02-22T16:16:33Z,2016,אל גור,27,https://www.ted.com/talks/al_gore_the_case_for_optimism_on_climate_change
allan_adams_what_the_discovery_of_gravitational_waves_means,2439,מהי משמעות תגלית גלי הכבידה?,2016-02-15,2016-02-18T16:49:37Z,2016,אלן אדמס,33,https://www.ted.com/talks/allan_adams_what_the_discovery_of_gravitational_waves_means
judson_brewer_a_simple_way_to_break_a_bad_habit,2420,דרך פשוטה לשבור הרגל רע,2015-11-18,2016-02-03T16:18:34Z,2015,ג'דסון ברואר,43,https://www.ted.com/talks/judson_brewer_a_simple_way_to_break_a_bad_habit
james_veitch_this_is_what_happens_when_you_reply_to_spam_email,2405,זה מה שקורה כשאתם עונים לדואר זבל,2015-12-08,2016-01-08T16:03:40Z,2015,ג'יימס וויץ',47,https://www.ted.com/talks/james_veitch_this_is_what_happens_when_you_reply_to_spam_email
danit_peleg_forget_shopping_soon_you_ll_download_your_new_clothes,2388,שכחו מקניות. בקרוב תוכלו להוריד את הבגדים שלכם,2015-11-14,2015-12-08T16:28:30Z,2015,דנית פלג,41,https://www.ted.com/talks/danit_peleg_forget_shopping_soon_you_ll_download_your_new_clothes
marina_abramovic_an_art_made_of_trust_vulnerability_and_connection,2381,"אמנות שעשויה מאמון, פגיעות, וקשר",2015-03-16,2015-11-30T17:17:43Z,2015,מרינה אברמוביץ',34,https://www.ted.com/talks/marina_abramovic_an_art_made_of_trust_vulnerability_and_connection
carl_safina_what_are_animals_thinking_and_feeling,2373,מה חושבים ומרגישים בעלי החיים?,2015-10-10,2015-11-19T15:34:39Z,2015,קארל ספינה,37,https://www.ted.com/talks/carl_safina_what_are_animals_thinking_and_feeling
anders_fjellberg_two_nameless_bodies_washed_up_on_the_beach_here_are_their_stories,2353,שתי גופות אלמוניות נסחפו אל החוף. זהו סיפורן.,2015-09-29,2015-10-15T15:00:00Z,2015,אנדרס פיילברג,29,https://www.ted.com/talks/anders_fjellberg_two_nameless_bodies_washed_up_on_the_beach_here_are_their_stories
michael_green_how_we_can_make_the_world_a_better_place_by_2030,2348,איך אנחנו יכולים לעשות את העולם מקום טוב יותר עד 2030,2015-09-29,2015-10-12T15:58:15Z,2015,מייקל גרין,33,https://www.ted.com/talks/michael_green_how_we_can_make_the_world_a_better_place_by_2030
sandrine_thuret_you_can_grow_new_brain_cells_here_s_how,2342,אתם יכולים להצמיח תאי עצב חדשים במוח. כך תעשו זאת,2015-06-30,2015-10-08T15:00:00Z,2015,סנדרין ת'ורה,39,https://www.ted.com/talks/sandrine_thuret_you_can_grow_new_brain_cells_here_s_how
samuel_cohen_alzheimer_s_is_not_normal_aging_and_we_can_cure_it,2340,אלצהיימר הוא לא הזדקנות נורמלית - ואנחנו יכולים לרפא אותו,2015-06-30,2015-09-28T16:50:39Z,2015,סמואל כהן,43,https://www.ted.com/talks/samuel_cohen_alzheimer_s_is_not_normal_aging_and_we_can_cure_it
bj_miller_what_really_matters_at_the_end_of_life,2325,"מה באמת חשוב בסוף החיים
",2015-03-20,2015-09-10T14:59:01Z,2015,"ב.ג'. מילר
",37,https://www.ted.com/talks/bj_miller_what_really_matters_at_the_end_of_life
manuel_lima_a_visual_history_of_human_knowledge,2296,ההיסטוריה הויזואלית על הידע האנושי.,2015-03-13,2015-08-18T15:34:34Z,2015,מנואל לימה,29,https://www.ted.com/talks/manuel_lima_a_visual_history_of_human_knowledge
benedetta_berti_the_surprising_way_groups_like_isis_stay_in_power,2309,"הדרך המפתיעה בה קבוצות כמו דע""ש נשארות בשלטון",2015-03-17,2015-08-10T14:57:21Z,2015,בנדטה ברטי,33,https://www.ted.com/talks/benedetta_berti_the_surprising_way_groups_like_isis_stay_in_power
yuval_noah_harari_what_explains_the_rise_of_humans,2307,מה מסביר את עליית האדם?,2015-06-12,2015-07-24T15:16:16Z,2015,יובל נח הררי,38,https://www.ted.com/talks/yuval_noah_harari_what_explains_the_rise_of_humans
marlene_zuk_what_we_learn_from_insects_sex_lives,2301,מה אנו יכולים ללמוד מחיי המין המופרעים של החרקים,2015-05-28,2015-07-17T15:00:41Z,2015,מרלן צוק,30,https://www.ted.com/talks/marlene_zuk_what_we_learn_from_insects_sex_lives
alec_soth_and_stacey_baker_this_is_what_enduring_love_looks_like,2300,כך נראית אהבה רבת-שנים,2015-03-18,2015-07-15T14:49:51Z,2015,אלק סות' וסטייסי בייקר,33,https://www.ted.com/talks/alec_soth_and_stacey_baker_this_is_what_enduring_love_looks_like
johann_hari_everything_you_think_you_know_about_addiction_is_wrong,2299,כל מה שאתם חושבים שאתם יודעים על התמכרות אינו נכון,2015-06-16,2015-07-09T15:02:10Z,2015,יוהאן הארי,36,https://www.ted.com/talks/johann_hari_everything_you_think_you_know_about_addiction_is_wrong
memory_banda_a_warrior_s_cry_against_child_marriage,2295,זעקתה של לוחמת נגד נישואי ילדות,2015-05-29,2015-07-07T15:06:06Z,2015,ממורי בנדה,38,https://www.ted.com/talks/memory_banda_a_warrior_s_cry_against_child_marriage
dame_ellen_macarthur_the_surprising_thing_i_learned_sailing_solo_around_the_world,2292,הדברים המפתיעים שלמדתי כששטתי לבד סביב העולם,2015-03-20,2015-06-29T15:19:02Z,2015,הגברת אלן מקארתור,27,https://www.ted.com/talks/dame_ellen_macarthur_the_surprising_thing_i_learned_sailing_solo_around_the_world
chip_kidd_the_art_of_first_impressions_in_design_and_life,2287,האומנות של רושם ראשוני - בעיצוב ובחיים,2015-05-12,2015-06-23T14:59:40Z,2015,צ'יפ קיד,30,https://www.ted.com/talks/chip_kidd_the_art_of_first_impressions_in_design_and_life
donald_hoffman_do_we_see_reality_as_it_is,2277,האם אנו רואים את מציאות כפי שהיא?,2015-03-18,2015-06-11T15:37:45Z,2015,דונלד הופמן,33,https://www.ted.com/talks/donald_hoffman_do_we_see_reality_as_it_is
tony_fadell_the_first_secret_of_design_is_noticing,2274,הסוד הראשון בעיצוב הוא... להבחין,2015-03-25,2015-06-03T14:59:03Z,2015,טוני פאדל,31,https://www.ted.com/talks/tony_fadell_the_first_secret_of_design_is_noticing
roman_mars_why_city_flags_may_be_the_worst_designed_thing_you_ve_never_noticed,2253,למה דגלי עיר עשויים להיות הדבר הגרוע ביותר שתוכנן שמעולם לא שמתם לב אליו,2015-03-25,2015-05-14T15:12:54Z,2015,רומן מארס,29,https://www.ted.com/talks/roman_mars_why_city_flags_may_be_the_worst_designed_thing_you_ve_never_noticed
sophie_scott_why_we_laugh,2236, למה אנחנו צוחקים,2015-03-20,2015-04-30T15:00:30Z,2015,סופי סקוט,35,https://www.ted.com/talks/sophie_scott_why_we_laugh
chris_milk_how_virtual_reality_can_create_the_ultimate_empathy_machine,2228,איך מציאות מדומה יכולה ליצור את מכונת האמפטיה המושלמת,2015-03-18,2015-04-22T14:59:43Z,2015,כריס מילק,31,https://www.ted.com/talks/chris_milk_how_virtual_reality_can_create_the_ultimate_empathy_machine
monica_lewinsky_the_price_of_shame,2217,מחיר הבושה,2015-03-19,2015-03-20T23:27:11Z,2015,מוניקה לווינסקי,41,https://www.ted.com/talks/monica_lewinsky_the_price_of_shame
anastasia_taylor_lind_fighters_and_mourners_of_the_ukrainian_revolution,2146,לוחמים ואבלים במהפכה האוקראינית ,2014-10-14,2014-12-09T15:50:58Z,2014,אנסטסיה טיילור-לינד,34,https://www.ted.com/talks/anastasia_taylor_lind_fighters_and_mourners_of_the_ukrainian_revolution
pico_iyer_the_art_of_stillness,2025,האמנות של חוסר תנועה,2014-08-12,2014-11-26T16:00:32Z,2014,פיקו לייר,32,https://www.ted.com/talks/pico_iyer_the_art_of_stillness
michael_green_what_the_social_progress_index_can_reveal_about_your_country,2134,מה מדד הקידמה החברתית יכול לחשוף על המדינה שלך,2014-10-08,2014-11-11T15:55:31Z,2014,מייקל גרין,30,https://www.ted.com/talks/michael_green_what_the_social_progress_index_can_reveal_about_your_country
frans_lanting_photos_that_give_voice_to_the_animal_kingdom,2117,תמונות שנותנות קול לממלכת החי,2014-03-11,2014-10-29T15:08:20Z,2014,פראנס לנטינג,44,https://www.ted.com/talks/frans_lanting_photos_that_give_voice_to_the_animal_kingdom
kitra_cahana_my_father_locked_in_his_body_but_soaring_free,2111,"אבי, נעול בגופו אך מרחף בחופשיות",2014-09-15,2014-10-17T15:00:32Z,2014,כיתרא כהנא,27,https://www.ted.com/talks/kitra_cahana_my_father_locked_in_his_body_but_soaring_free
glenn_greenwald_why_privacy_matters,2106,מדוע הפרטיות חשובה,2014-10-02,2014-10-10T13:11:03Z,2014,גלן גרינוולד,34,https://www.ted.com/talks/glenn_greenwald_why_privacy_matters
eman_mohammed_the_courage_to_tell_a_hidden_story,2095,האומץ לספר סיפור נעלם.,2014-03-14,2014-09-24T15:10:02Z,2014,אימאן מוחמד,44,https://www.ted.com/talks/eman_mohammed_the_courage_to_tell_a_hidden_story
zak_ebrahim_i_am_the_son_of_a_terrorist_here_s_how_i_chose_peace,2024,אני בנו של מחבל. כך בחרתי בשלום.,2014-03-12,2014-09-09T13:11:14Z,2014,זאק איברהים,41,https://www.ted.com/talks/zak_ebrahim_i_am_the_son_of_a_terrorist_here_s_how_i_chose_peace
ze_frank_are_you_human,2049,האם אנחנו אנושיים,2014-03-20,2014-07-18T15:08:53Z,2014,זה פרנק,48,https://www.ted.com/talks/ze_frank_are_you_human
shih_chieh_huang_sculptures_that_d_be_at_home_in_the_deep_sea,2047,פסלים שיחושו בבית בקרקעית הים,2014-03-17,2014-07-16T15:06:42Z,2014,ש'יי צ'ייא הוואנג,33,https://www.ted.com/talks/shih_chieh_huang_sculptures_that_d_be_at_home_in_the_deep_sea
david_chalmers_how_do_you_explain_consciousness,2045,איך מסבירים את המודעות?,2014-03-18,2014-07-14T15:08:04Z,2014,דיויד צ'אלמרז,35,https://www.ted.com/talks/david_chalmers_how_do_you_explain_consciousness
paul_bloom_can_prejudice_ever_be_a_good_thing,2037,האם אפשר למצוא משהו טוב בדעות קדומות?,2014-01-15,2014-07-03T15:00:05Z,2014,פול בלום,29,https://www.ted.com/talks/paul_bloom_can_prejudice_ever_be_a_good_thing
simon_anholt_which_country_does_the_most_good_for_the_world,2036,איזו מדינה עושה הכי הרבה טוב עבור העולם?,2014-06-23,2014-07-02T14:58:54Z,2014,סימון אנהולט,32,https://www.ted.com/talks/simon_anholt_which_country_does_the_most_good_for_the_world
julian_treasure_how_to_speak_so_that_people_want_to_listen,2034,כיצד לדבר בצורה שבא אנשים ירצו להאזין,2013-06-10,2014-06-27T14:38:17Z,2013,ג'וליאן טראז'ור,49,https://www.ted.com/talks/julian_treasure_how_to_speak_so_that_people_want_to_listen
billy_collins_two_poems_about_what_dogs_think_probably,2031,שתי פואמות על מה כלבים חושבים (כנראה),2014-03-20,2014-06-20T15:12:05Z,2014,בילי קולינס,37,https://www.ted.com/talks/billy_collins_two_poems_about_what_dogs_think_probably
kwame_anthony_appiah_is_religion_good_or_bad_this_is_a_trick_question,2011,האם הדת טובה או רעה? (זו שאלה מכשילה),2014-05-15,2014-06-16T15:04:07Z,2014,קוואמי אנטורי אפיה,29,https://www.ted.com/talks/kwame_anthony_appiah_is_religion_good_or_bad_this_is_a_trick_question
dan_gilbert_the_psychology_of_your_future_self,2012,הפסיכולוגיה של העצמי העתידי שלכם,2014-03-18,2014-06-03T14:56:03Z,2014,דן גילברט,44,https://www.ted.com/talks/dan_gilbert_the_psychology_of_your_future_self
simon_sinek_why_good_leaders_make_you_feel_safe,1998,מדוע מנהיגים דגולים מעוררים בטחון?,2014-03-14,2014-05-19T15:00:43Z,2014,סיימון סייניק,45,https://www.ted.com/talks/simon_sinek_why_good_leaders_make_you_feel_safe
kevin_briggs_the_bridge_between_suicide_and_life,1997,הגשר שבין ההתאבדות לחיים,2014-03-18,2014-05-14T15:10:53Z,2014,קווין בריגס,41,https://www.ted.com/talks/kevin_briggs_the_bridge_between_suicide_and_life
randall_munroe_comics_that_ask_what_if,1993,"קומיקס ששואל ""מה אם?""",2014-03-20,2014-05-08T14:57:50Z,2014,רנדל מונרו,29,https://www.ted.com/talks/randall_munroe_comics_that_ask_what_if
louie_schwartzberg_hidden_miracles_of_the_natural_world,1969,הפלאים החבויים של עולם הטבע,2014-03-19,2014-04-09T14:53:25Z,2014,לואי שוורצברג,40,https://www.ted.com/talks/louie_schwartzberg_hidden_miracles_of_the_natural_world
toby_shapshak_you_don_t_need_an_app_for_that,1944,אתם לא צריכים אפליקציה בשביל זה,2013-07-17,2014-03-13T14:55:49Z,2013,טובי שפשק,34,https://www.ted.com/talks/toby_shapshak_you_don_t_need_an_app_for_that
christopher_soghoian_government_surveillance_this_is_just_the_beginning,1940,מעקב ממשלתי -- זו רק ההתחלה,2013-08-12,2014-03-05T16:07:18Z,2013,כריסטופר סוגהויאן,32,https://www.ted.com/talks/christopher_soghoian_government_surveillance_this_is_just_the_beginning
annette_heuser_the_3_agencies_with_the_power_to_make_or_break_economies,1937,שלושת הסוכנויות בעלות הכוח לשבור או לבנות כלכלות - אנט הויזר.,2013-06-07,2014-02-28T15:44:28Z,2013,Annette Heuser,30,https://www.ted.com/talks/annette_heuser_the_3_agencies_with_the_power_to_make_or_break_economies
michael_metcalfe_we_need_money_for_aid_so_let_s_print_it,1929,אנו זקוקים לכספי סיוע; אז בואו נדפיס אותם.,2013-11-06,2014-02-26T16:15:01Z,2013,מייקל מטקאלף,24,https://www.ted.com/talks/michael_metcalfe_we_need_money_for_aid_so_let_s_print_it
catherine_bracy_why_good_hackers_make_good_citizens,1933,למה האקרים טובים הם גם אזרחים טובים,2013-09-20,2014-02-25T16:07:00Z,2013,קטרין ברייסי,28,https://www.ted.com/talks/catherine_bracy_why_good_hackers_make_good_citizens
roselinde_torres_what_it_takes_to_be_a_great_leader,1930,מה דרוש כדי להיות מנהיג דגול?,2013-10-30,2014-02-19T16:00:16Z,2013,רוזלינד טורס,35,https://www.ted.com/talks/roselinde_torres_what_it_takes_to_be_a_great_leader
sandra_aamodt_why_dieting_doesn_t_usually_work,1900,למה דיאטה  לא עובדת בדרך כלל,2013-06-11,2014-01-08T16:00:48Z,2013,סנדרה אמודט,40,https://www.ted.com/talks/sandra_aamodt_why_dieting_doesn_t_usually_work
boyd_varty_what_i_learned_from_nelson_mandela,1890,מה שלמדתי מנלסון מנדלה.,2013-12-05,2013-12-09T16:07:15Z,2013,בויד ווארטי,37,https://www.ted.com/talks/boyd_varty_what_i_learned_from_nelson_mandela
sally_kohn_let_s_try_emotional_correctness,1883,בואו ניתן צ'אנס לתקינות הרגשית,2013-10-14,2013-12-04T16:05:54Z,2013,סאלי קון,39,https://www.ted.com/talks/sally_kohn_let_s_try_emotional_correctness
david_steindl_rast_want_to_be_happy_be_grateful,1880,רוצים להיות מאושרים? היו אסירי-תודה,2013-06-25,2013-11-27T15:59:04Z,2013,דייוויד סטיינדל-רסט,45,https://www.ted.com/talks/david_steindl_rast_want_to_be_happy_be_grateful
chris_downey_design_with_the_blind_in_mind,1863,תכנון במחשבה על העיוורים,2013-10-11,2013-11-12T16:16:29Z,2013,כריס דאוני,30,https://www.ted.com/talks/chris_downey_design_with_the_blind_in_mind
gregoire_courtine_the_paralyzed_rat_that_walked,1860,החולדה המשותקת שהלכה,2013-06-13,2013-11-06T16:15:02Z,2013,גרגור קורטין,27,https://www.ted.com/talks/gregoire_courtine_the_paralyzed_rat_that_walked
malcolm_gladwell_the_unheard_story_of_david_and_goliath,1831,התאוריה הלא  ידועה על דויד וגוליית,2013-09-19,2013-09-30T15:08:14Z,2013,מלקולם גלדוול,36,https://www.ted.com/talks/malcolm_gladwell_the_unheard_story_of_david_and_goliath
james_flynn_why_our_iq_levels_are_higher_than_our_grandparents,1828,למה רמת ה-IQ שלנו גבוהה יותר משל סבינו,2013-03-01,2013-09-26T15:10:46Z,2013,ג'יימס פלין,34,https://www.ted.com/talks/james_flynn_why_our_iq_levels_are_higher_than_our_grandparents
kelly_mcgonigal_how_to_make_stress_your_friend,1815,איך להתיידד עם הלחץ,2013-06-11,2013-09-04T14:59:43Z,2013,קלי מק'גוניגל,50,https://www.ted.com/talks/kelly_mcgonigal_how_to_make_stress_your_friend
russell_foster_why_do_we_sleep,1810,למה אנחנו ישנים ?,2013-06-13,2013-08-14T14:53:51Z,2013,ראסל פוסטר,38,https://www.ted.com/talks/russell_foster_why_do_we_sleep
eleanor_longden_the_voices_in_my_head,1800,הקולות שבראשי,2013-02-28,2013-08-08T15:00:37Z,2013,אלינור לונגדון,39,https://www.ted.com/talks/eleanor_longden_the_voices_in_my_head
tania_luna_how_a_penny_made_me_feel_like_a_millionaire,1797,איך פֶּני גרם לי להרגיש כמו מיליונרית,2012-07-12,2013-07-26T15:00:40Z,2012,טניה לונה,43,https://www.ted.com/talks/tania_luna_how_a_penny_made_me_feel_like_a_millionaire
roberto_d_angelo_francesca_fedeli_in_our_baby_s_illness_a_life_lesson,1796,רוברטו ד'אנג'לו ופרנצ'סקה פדלי: לקח לחיים ממחלתו של ילדנו,2013-06-11,2013-07-24T14:58:32Z,2013,Roberto D'Angelo + Francesca Fedeli,39,https://www.ted.com/talks/roberto_d_angelo_francesca_fedeli_in_our_baby_s_illness_a_life_lesson
pico_iyer_where_is_home,1789,פיקו אייר:  איפה הבית?,2013-06-20,2013-07-17T14:59:15Z,2013,Pico Iyer,36,https://www.ted.com/talks/pico_iyer_where_is_home
bernie_krause_the_voice_of_the_natural_world,1788,קולו של עולם הטבע,2013-06-12,2013-07-15T15:02:42Z,2013,ברני קראוזה,28,https://www.ted.com/talks/bernie_krause_the_voice_of_the_natural_world
lisa_bu_how_books_can_open_your_mind,1755,ליסה בּוּ : איך ספרים יכולים לפתוח לך את הראש,2013-02-28,2013-05-31T15:09:17Z,2013,Lisa Bu,50,https://www.ted.com/talks/lisa_bu_how_books_can_open_your_mind
sergey_brin_why_google_glass,1745,סרגי ברין: למה גוגל גלאס?,2013-02-27,2013-05-17T15:03:29Z,2013,Sergey Brin,38,https://www.ted.com/talks/sergey_brin_why_google_glass
angela_lee_duckworth_grit_the_power_of_passion_and_perseverance,1733,אנגלה לי דוקוורט: המפתח להצלחה? נחישות,2013-04-04,2013-05-09T14:59:48Z,2013,Angela Lee Duckworth,50,https://www.ted.com/talks/angela_lee_duckworth_grit_the_power_of_passion_and_perseverance
shaolan_learn_to_read_chinese_with_ease,1736,שאולאן הסואה: ללמוד לקרוא סינית בקלות.,2013-02-26,2013-05-07T15:13:31Z,2013,ShaoLan,50,https://www.ted.com/talks/shaolan_learn_to_read_chinese_with_ease
juan_enriquez_your_online_life_permanent_as_a_tattoo,1730,"חואן אנריקז: החיים המקוונים שלכם, קבועים כמו קעקוע",2013-02-26,2013-05-02T14:57:57Z,2013,Juan Enriquez,41,https://www.ted.com/talks/juan_enriquez_your_online_life_permanent_as_a_tattoo
taylor_wilson_my_radical_plan_for_small_nuclear_fission_reactors,1727,טיילור ווילסון: התוכנית הרדיקלית שלי לכורי ביקוע גרעיני קטנים,2013-02-27,2013-04-30T15:01:22Z,2013,Taylor Wilson,28,https://www.ted.com/talks/taylor_wilson_my_radical_plan_for_small_nuclear_fission_reactors
nilofer_merchant_got_a_meeting_take_a_walk,1726,נילופר מרצ'נט: יש לך פגישה? צא להליכה!,2013-02-26,2013-04-29T15:00:49Z,2013,Nilofer Merchant,50,https://www.ted.com/talks/nilofer_merchant_got_a_meeting_take_a_walk
david_pogue_10_top_time_saving_tech_tips,1725,דייויד פוג: 10 טיפים לחסכון זמן בטכנולוגיה ,2013-02-25,2013-04-26T15:07:17Z,2013,David Pogue,44,https://www.ted.com/talks/david_pogue_10_top_time_saving_tech_tips
sanjay_dastoor_a_skateboard_with_a_boost,1704,"סנג'איי דאסטור:  סקייטבורד, עם מנוע עזר",2013-02-27,2013-04-02T15:06:45Z,2013,Sanjay Dastoor,40,https://www.ted.com/talks/sanjay_dastoor_a_skateboard_with_a_boost
richard_turere_my_invention_that_made_peace_with_lions,1699,"ריצ'רד טוררה: ההמצאה שלי, שהשכינה שלום עם האריות",2013-02-27,2013-03-27T13:59:29Z,2013,Richard Turere,44,https://www.ted.com/talks/richard_turere_my_invention_that_made_peace_with_lions
mark_shaw_one_very_dry_demo,1700,"מארק שואו: הדגמה ""על-יבש"" יבשה ביותר",2013-02-28,2013-03-26T15:00:23Z,2013,Mark Shaw,36,https://www.ted.com/talks/mark_shaw_one_very_dry_demo
hyeonseo_lee_my_escape_from_north_korea,1694,היונסיו לי: בריחתי מצפון קוריאה,2013-02-28,2013-03-20T14:59:48Z,2013,Hyeonseo Lee,45,https://www.ted.com/talks/hyeonseo_lee_my_escape_from_north_korea
elon_musk_the_mind_behind_tesla_spacex_solarcity,1695,"אילון מאסק: המוח שמאחורי ""טסלה"", ""ספייס אקס"", ""סולאר-סיטי""...",2013-02-28,2013-03-19T14:57:42Z,2013,Elon Musk,35,https://www.ted.com/talks/elon_musk_the_mind_behind_tesla_spacex_solarcity
shane_koyczan_to_this_day_for_the_bullied_and_beautiful,1687,"שיין קויקזן: ""עד עצם היום הזה""... לכבוד קורבנות הבריונות היפים",2013-02-28,2013-03-08T16:01:43Z,2013,Shane Koyczan,35,https://www.ted.com/talks/shane_koyczan_to_this_day_for_the_bullied_and_beautiful
allan_savory_how_to_fight_desertification_and_reverse_climate_change,1683,אלן סאבורי: כיצד להוריק את המדבר ולהפוך את שינויי האקלים,2013-02-28,2013-03-04T15:51:11Z,2013,Allan Savory,35,https://www.ted.com/talks/allan_savory_how_to_fight_desertification_and_reverse_climate_change
amanda_palmer_the_art_of_asking,1682,אמנדה פאלמר: האמנות לבקש,2013-02-27,2013-03-01T17:26:47Z,2013,Amanda Palmer,43,https://www.ted.com/talks/amanda_palmer_the_art_of_asking
sugata_mitra_build_a_school_in_the_cloud,1678,סוגטה מיטרה: לבנות בית-ספר בענן,2013-02-26,2013-02-27T22:38:00Z,2013,Sugata Mitra,44,https://www.ted.com/talks/sugata_mitra_build_a_school_in_the_cloud
esther_perel_the_secret_to_desire_in_a_long_term_relationship,1669,אסתר פרל: הסוד לתשוקה במערכת יחסים ממושכת,2013-02-11,2013-02-14T16:07:00Z,2013,Esther Perel,36,https://www.ted.com/talks/esther_perel_the_secret_to_desire_in_a_long_term_relationship
andy_puddicombe_all_it_takes_is_10_mindful_minutes,1640,אנדי פאדיקומב: דרושות רק 10 דקות של מודעות,2012-11-16,2013-01-11T15:58:35Z,2012,Andy Puddicombe,40,https://www.ted.com/talks/andy_puddicombe_all_it_takes_is_10_mindful_minutes
steven_addis_a_father_daughter_bond_one_photo_at_a_time,1634,"סטיבן אדיס: קשר אב ובת, תמונה אחת כל פעם",2012-02-29,2012-12-19T11:00:00Z,2012,Steven Addis,47,https://www.ted.com/talks/steven_addis_a_father_daughter_bond_one_photo_at_a_time
molly_crockett_beware_neuro_bunk,1633,מולי קרוקט:  הישמרו מהונאת-נוירו,2012-11-07,2012-12-18T16:12:34Z,2012,Molly Crockett,29,https://www.ted.com/talks/molly_crockett_beware_neuro_bunk
marco_tempest_a_cyber_magic_card_trick_like_no_other,1602,מרקו טמפסט: קסם קלפים קיברנטי שעוד לא ראיתם,2012-06-28,2012-10-26T15:00:15Z,2012,Marco Tempest,37,https://www.ted.com/talks/marco_tempest_a_cyber_magic_card_trick_like_no_other
melissa_marshall_talk_nerdy_to_me,1592,מליסה מרשל: דברו אלי בחנונית,2012-06-26,2012-10-11T15:00:14Z,2012,Melissa Marshall,42,https://www.ted.com/talks/melissa_marshall_talk_nerdy_to_me
tim_leberecht_3_ways_to_usefully_lose_control_of_your_brand,1591,טים לברכט: שלוש דרכים (יעילות) לאבד שליטה על המותג שלך.,2012-06-25,2012-10-08T15:16:07Z,2012,Tim Leberecht,33,https://www.ted.com/talks/tim_leberecht_3_ways_to_usefully_lose_control_of_your_brand
amy_cuddy_your_body_language_may_shape_who_you_are,1569,אמי קדי:  שפת הגוף שלכם מעצבת אתכם,2012-06-26,2012-10-01T15:00:08Z,2012,Amy Cuddy,50,https://www.ted.com/talks/amy_cuddy_your_body_language_may_shape_who_you_are
ben_goldacre_what_doctors_don_t_know_about_the_drugs_they_prescribe,1575,בן גולדייקר: מה שהרופאים אינם יודעים על התרופות שהם רושמים,2012-06-05,2012-09-27T15:01:44Z,2012,Ben Goldacre,35,https://www.ted.com/talks/ben_goldacre_what_doctors_don_t_know_about_the_drugs_they_prescribe
jon_ronson_strange_answers_to_the_psychopath_test,1544,ג'ון רונסון: תשובות משונות למיבדק הפסיכופטיה,2012-03-01,2012-08-15T15:18:05Z,2012,Jon Ronson,33,https://www.ted.com/talks/jon_ronson_strange_answers_to_the_psychopath_test
alanna_shaikh_how_i_m_preparing_to_get_alzheimer_s,1498,אלנה שייך: איך אני מתכוננת לחלות באלצהיימר,2012-06-25,2012-07-03T15:00:08Z,2012,Alanna Shaikh,42,https://www.ted.com/talks/alanna_shaikh_how_i_m_preparing_to_get_alzheimer_s
damian_palin_mining_minerals_from_seawater,1470,דמיאן פאלין: כריית מינרלים ממי ים,2012-02-27,2012-06-07T16:30:29Z,2012,Damian Palin,41,https://www.ted.com/talks/damian_palin_mining_minerals_from_seawater
brian_greene_is_our_universe_the_only_universe,1426,בריאן גרין:  האם יקומנו הוא היקום היחיד?,2012-02-27,2012-04-23T15:19:03Z,2012,Brian Greene,33,https://www.ted.com/talks/brian_greene_is_our_universe_the_only_universe
chip_kidd_designing_books_is_no_laughing_matter_ok_it_is,1410,"צ'יפ קיד: עיצוב ספרים זה לא נושא לצחוק.
אוקיי, זה כן.",2012-03-01,2012-04-04T15:16:25Z,2012,Chip Kidd,37,https://www.ted.com/talks/chip_kidd_designing_books_is_no_laughing_matter_ok_it_is
sherry_turkle_connected_but_alone,1409,שרי טרקל: מחוברים אבל לבד?,2012-02-29,2012-04-03T15:09:09Z,2012,Sherry Turkle,36,https://www.ted.com/talks/sherry_turkle_connected_but_alone
brene_brown_listening_to_shame,1391,ברנה בראון: להקשיב לבושה,2012-03-02,2012-03-16T15:16:54Z,2012,Brené Brown,40,https://www.ted.com/talks/brene_brown_listening_to_shame
james_hansen_why_i_must_speak_out_about_climate_change,1380,ג'יימס האנסן: למה אני חיב לדבר על שינוי האקלים,2012-02-29,2012-03-07T16:08:59Z,2012,James Hansen,30,https://www.ted.com/talks/james_hansen_why_i_must_speak_out_about_climate_change
susan_cain_the_power_of_introverts,1377,סוזן קיין: כוחם של המופנמים,2012-02-28,2012-03-02T20:28:12Z,2012,Susan Cain,47,https://www.ted.com/talks/susan_cain_the_power_of_introverts
paul_gilding_the_earth_is_full,1374,פול גילדינג: כדור הארץ מלא,2012-02-28,2012-02-29T17:30:00Z,2012,Paul Gilding,30,https://www.ted.com/talks/paul_gilding_the_earth_is_full
kevin_allocca_why_videos_go_viral,1371,קווין אולוקה: מודע סרטונים נהפכים לויראלים,2011-11-19,2012-02-27T18:09:15Z,2011,Kevin Allocca,38,https://www.ted.com/talks/kevin_allocca_why_videos_go_viral
mike_degruy_hooked_by_an_octopus,830,"מייק דה-גריו: נתפס ע""י תמנון",2010-04-07,2012-02-04T08:14:00Z,2010,Mike deGruy,28,https://www.ted.com/talks/mike_degruy_hooked_by_an_octopus
a_j_jacobs_how_healthy_living_nearly_killed_me,1312,א.ג'. ג'ייקובס: איך חיים בריאים כמעט הרגו אותי,2011-10-28,2012-01-03T15:20:02Z,2011,A.J. Jacobs,40,https://www.ted.com/talks/a_j_jacobs_how_healthy_living_nearly_killed_me
cheryl_hayashi_the_magnificence_of_spider_silk,1296,שריל הייאשי: נפלאות קורי העכביש,2010-02-21,2011-12-07T15:50:05Z,2010,Cheryl Hayashi,30,https://www.ted.com/talks/cheryl_hayashi_the_magnificence_of_spider_silk
damon_horowitz_philosophy_in_prison,1286,דיימון הורוביץ: פילוסופיה בכלא,2011-03-04,2011-11-28T16:22:47Z,2011,Damon Horowitz,49,https://www.ted.com/talks/damon_horowitz_philosophy_in_prison
joe_sabia_the_technology_of_storytelling,1282,ג'ו סביה: הטכנולוגיה של סיפור סיפורים,2011-05-24,2011-11-23T16:11:04Z,2011,Joe Sabia,50,https://www.ted.com/talks/joe_sabia_the_technology_of_storytelling
paul_zak_trust_morality_and_oxytocin,1259,"פול זאק:  אמון, מוסריות -- ואוקסיטוצין -- חומר המשמש לזירוז לידה ",2011-07-13,2011-11-01T14:53:41Z,2011,Paul Zak,37,https://www.ted.com/talks/paul_zak_trust_morality_and_oxytocin
bunker_roy_learning_from_a_barefoot_movement,1248,Learning from a barefoot movement,2011-07-14,2011-10-17T15:08:51Z,2011,Bunker Roy,45,https://www.ted.com/talks/bunker_roy_learning_from_a_barefoot_movement
alison_gopnik_what_do_babies_think,1241,אליסון גופניק: מה תינוקות חושבים?,2011-07-13,2011-10-10T15:12:56Z,2011,Alison Gopnik,40,https://www.ted.com/talks/alison_gopnik_what_do_babies_think
mike_biddle_we_can_recycle_plastic,1239,מייק בידל: אנחנו יכולים למחזר פלסטיק,2011-07-14,2011-10-06T15:10:03Z,2011,Mike Biddle,39,https://www.ted.com/talks/mike_biddle_we_can_recycle_plastic
graham_hill_less_stuff_more_happiness,1238,"Less stuff, more happiness",2011-03-01,2011-10-05T15:08:50Z,2011,Graham Hill,49,https://www.ted.com/talks/graham_hill_less_stuff_more_happiness
yang_lan_the_generation_that_s_remaking_china,1236,יאנג לאן: הדור שממציא מחדש את סין,2011-07-13,2011-10-03T15:03:21Z,2011,Yang Lan,33,https://www.ted.com/talks/yang_lan_the_generation_that_s_remaking_china
amy_lockwood_selling_condoms_in_the_congo,1228,איימי לוקווד: מכירת קונדומים בקונגו,2011-07-14,2011-09-21T15:24:41Z,2011,Amy Lockwood,40,https://www.ted.com/talks/amy_lockwood_selling_condoms_in_the_congo
dan_ariely_beware_conflicts_of_interest,1212,דן אריאלי: היזהרו מניגודי אינטרסים,2011-03-01,2011-08-29T14:29:34Z,2011,Dan Ariely,42,https://www.ted.com/talks/dan_ariely_beware_conflicts_of_interest
paul_bloom_the_origins_of_pleasure,1198,פול בלום: מקורות התענוג,2011-07-13,2011-07-27T14:52:08Z,2011,Paul Bloom,41,https://www.ted.com/talks/paul_bloom_the_origins_of_pleasure
mikko_hypponen_fighting_viruses_defending_the_net,1192,"מיקו היפונן: מלחמה בוירוסים, הגנה על הרשת",2011-07-14,2011-07-19T14:27:57Z,2011,Mikko Hypponen,39,https://www.ted.com/talks/mikko_hypponen_fighting_viruses_defending_the_net
nina_tandon_caring_for_engineered_tissue,1187,נינה טנדון: לדאוג לרקמה מהונדסת,2011-03-02,2011-07-08T00:00:00Z,2011,Nina Tandon,40,https://www.ted.com/talks/nina_tandon_caring_for_engineered_tissue
robert_hammond_building_a_park_in_the_sky,1182,רוברט המונד: בניית פארק בשמיים,2011-03-03,2011-06-30T14:54:00Z,2011,Robert Hammond,36,https://www.ted.com/talks/robert_hammond_building_a_park_in_the_sky
rajesh_rao_a_rosetta_stone_for_a_lost_language,1180,ראג'ש ראוו: אבן רוזטה -- המפתח לפיענוח -- של כתב תרבות האינדוס,2011-03-02,2011-06-28T00:00:00Z,2011,Rajesh Rao,38,https://www.ted.com/talks/rajesh_rao_a_rosetta_stone_for_a_lost_language
joshua_walters_on_being_just_crazy_enough,1178,ג'ושוע וולטרס: על להיות משוגע מספיק,2011-05-24,2011-06-24T15:50:15Z,2011,Joshua Walters,39,https://www.ted.com/talks/joshua_walters_on_being_just_crazy_enough
daniel_tammet_different_ways_of_knowing,1175,דניאל טאמט: דרכים שונות של ידיעה,2011-03-03,2011-06-21T14:47:00Z,2011,Daniel Tammet,38,https://www.ted.com/talks/daniel_tammet_different_ways_of_knowing
jessi_arrington_wearing_nothing_new,1161,ג'סי ארינגטון: לא ללבוש בגדים חדשים,2011-03-03,2011-06-03T18:05:00Z,2011,Jessi Arrington,41,https://www.ted.com/talks/jessi_arrington_wearing_nothing_new
elliot_krane_the_mystery_of_chronic_pain,1148,אליוט קריין: המיסתורין של הכאב הכרוני,2011-03-02,2011-05-18T14:23:00Z,2011,Elliot Krane,38,https://www.ted.com/talks/elliot_krane_the_mystery_of_chronic_pain
ron_gutman_the_hidden_power_of_smiling,1143,רון גוטמן: הכח הנסתר של החיוך,2011-03-02,2011-05-11T14:14:00Z,2011,Ron Gutman,50,https://www.ted.com/talks/ron_gutman_the_hidden_power_of_smiling
paul_nicklen_animal_tales_from_icy_wonderlands,1141,פול ניקלן: סיפורים על ארץ פלאים עטופת קרח,2011-03-02,2011-05-09T14:38:00Z,2011,Paul Nicklen,35,https://www.ted.com/talks/paul_nicklen_animal_tales_from_icy_wonderlands
david_christian_the_history_of_our_world_in_18_minutes,1118,דייויד כריסטיאן:  ההיסטוריה הגדולה,2011-03-04,2011-04-11T14:00:00Z,2011,David Christian,39,https://www.ted.com/talks/david_christian_the_history_of_our_world_in_18_minutes
eric_whitacre_a_virtual_choir_2_000_voices_strong,1110,"אריק וויטקר: מקהלה וירטואלית בת 2,000 קולות",2011-03-01,2011-04-01T14:26:00Z,2011,Eric Whitacre,36,https://www.ted.com/talks/eric_whitacre_a_virtual_choir_2_000_voices_strong
ralph_langner_cracking_stuxnet_a_21st_century_cyber_weapon,1107,"ראלף לאנגנר: פיצוח סטאקסנט, נשק קיברנטי של המאה ה-21",2011-03-03,2011-03-29T13:12:00Z,2011,Ralph Langner,32,https://www.ted.com/talks/ralph_langner_cracking_stuxnet_a_21st_century_cyber_weapon
eythor_bender_human_exoskeletons_for_war_and_healing,1104,אית'ור בנדר מדגים שלדים מכניים לבני אדם,2011-03-02,2011-03-24T14:23:00Z,2011,Eythor Bender,33,https://www.ted.com/talks/eythor_bender_human_exoskeletons_for_war_and_healing
hans_rosling_the_magic_washing_machine,1101,הנס רוזלינג ומכונת הכביסה הקסומה,2010-12-04,2011-03-21T13:33:00Z,2010,Hans Rosling,49,https://www.ted.com/talks/hans_rosling_the_magic_washing_machine
mark_bezos_a_life_lesson_from_a_volunteer_firefighter,1096,לקח לכל החיים מכבאי מתנדב,2011-03-02,2011-03-16T14:41:00Z,2011,מארק בזוס,50,https://www.ted.com/talks/mark_bezos_a_life_lesson_from_a_volunteer_firefighter
sal_khan_let_s_use_video_to_reinvent_education,1090,סלמאן חאן: הבה נשתמש בוידאו כדי להמציא מחדש את החינוך,2011-03-02,2011-03-09T14:46:00Z,2011,Sal Khan,44,https://www.ted.com/talks/sal_khan_let_s_use_video_to_reinvent_education
martin_jacques_understanding_the_rise_of_china,1059,מרטין ז'אק: להבין את עליית כוחה של סין,2010-10-10,2011-01-24T15:47:00Z,2010,Martin Jacques,33,https://www.ted.com/talks/martin_jacques_understanding_the_rise_of_china
thomas_thwaites_how_i_built_a_toaster_from_scratch,1051,תומאס תוואייטס: כיצד בניתי מצנם -- מאפס,2010-11-11,2011-01-12T16:17:00Z,2010,Thomas Thwaites,29,https://www.ted.com/talks/thomas_thwaites_how_i_built_a_toaster_from_scratch
marcel_dicke_why_not_eat_insects,1018,מרסל דיקה: למה שלא נאכל חרקים?,2010-07-14,2010-12-01T15:00:00Z,2010,Marcel Dicke,32,https://www.ted.com/talks/marcel_dicke_why_not_eat_insects
david_bismark_e_voting_without_fraud,997,דיויד ביסמארק: בחירות מקוונות ללא הונאה,2010-07-14,2010-11-02T08:14:00Z,2010,David Bismark,36,https://www.ted.com/talks/david_bismark_e_voting_without_fraud
jessica_jackley_poverty_money_and_love,983,"ג'סיקה ג'קלי: עוני, כסף -- ואהבה",2010-07-14,2010-10-18T09:27:00Z,2010,Jessica Jackley,35,https://www.ted.com/talks/jessica_jackley_poverty_money_and_love
stefano_mancuso_the_roots_of_plant_intelligence,976,סטפנו מנקוזו: שורשי תבונת הצמחים,2010-07-15,2010-10-11T08:55:00Z,2010,Stefano Mancuso,30,https://www.ted.com/talks/stefano_mancuso_the_roots_of_plant_intelligence
sugata_mitra_the_child_driven_education,949,סוגאטה מיטרה:  חינוך מתוך הנעה עצמית אצל ילדים,2010-07-15,2010-09-07T09:11:00Z,2010,Sugata Mitra,44,https://www.ted.com/talks/sugata_mitra_the_child_driven_education
johan_rockstrom_let_the_environment_guide_our_development,945,יוהן רוקסטרום: להניח לסביבה להנחות את התפתחותנו,2010-07-16,2010-08-31T08:42:00Z,2010,Johan Rockström,25,https://www.ted.com/talks/johan_rockstrom_let_the_environment_guide_our_development
dan_cobley_what_physics_taught_me_about_marketing,941,דן קובליי: מה פיזיקה לימדה אותי על שיווק,2010-07-15,2010-08-27T09:49:00Z,2010,Dan Cobley,37,https://www.ted.com/talks/dan_cobley_what_physics_taught_me_about_marketing
lee_hotz_inside_an_antarctic_time_machine,938,לי הוץ: במכונת הזמן של אנטארטיקה,2010-07-14,2010-08-24T08:45:00Z,2010,Lee Hotz,28,https://www.ted.com/talks/lee_hotz_inside_an_antarctic_time_machine
maz_jobrani_did_you_hear_the_one_about_the_iranian_american,935,שמעתם על הבדיחה עם האירני אמריקני,2010-07-16,2010-08-19T08:29:00Z,2010,Maz Jobrani,34,https://www.ted.com/talks/maz_jobrani_did_you_hear_the_one_about_the_iranian_american
sheena_iyengar_the_art_of_choosing,924,שינה איינגאר: אמנות הבחירה,2010-07-15,2010-07-26T08:36:00Z,2010,Sheena Iyengar,38,https://www.ted.com/talks/sheena_iyengar_the_art_of_choosing
tan_le_a_headset_that_reads_your_brainwaves,921,טאן לה: התקן ראש שקורא את גלי המוח שלך.,2010-07-16,2010-07-21T12:36:00Z,2010,Tan Le,34,https://www.ted.com/talks/tan_le_a_headset_that_reads_your_brainwaves
julian_assange_why_the_world_needs_wikileaks,918,ג'וליאן אסנג': מדוע העולם זקוק לויקיליקס,2010-07-16,2010-07-19T10:04:00Z,2010,Julian Assange,45,https://www.ted.com/talks/julian_assange_why_the_world_needs_wikileaks
hans_rosling_global_population_growth_box_by_box,912,האנס רוסלינג על גידול אוכלוסין עולמי,2010-06-21,2010-07-09T08:15:00Z,2010,Hans Rosling,47,https://www.ted.com/talks/hans_rosling_global_population_growth_box_by_box
nalini_nadkarni_life_science_in_prison,911,נליני נדקרני :מדעי החיים בבית הכלא,2010-02-11,2010-07-08T08:52:00Z,2010,Nalini Nadkarni,34,https://www.ted.com/talks/nalini_nadkarni_life_science_in_prison
benoit_mandelbrot_fractals_and_the_art_of_roughness,909,בנואה מנדלברוט: פרקטלים ואומנות החספוס,2010-02-12,2010-07-06T09:20:00Z,2010,Benoit Mandelbrot,31,https://www.ted.com/talks/benoit_mandelbrot_fractals_and_the_art_of_roughness
aditi_shankardass_a_second_opinion_on_developmental_disorders,893,אדיטי שנקרדס: חוות-דעת נוספת על הפרעות למידה,2009-11-11,2010-06-24T08:49:00Z,2009,Aditi Shankardass,45,https://www.ted.com/talks/aditi_shankardass_a_second_opinion_on_developmental_disorders
marian_bantjes_intricate_beauty_by_design,891,"מריאן בנטחס: יופי מורכב, בעיצוב",2010-02-12,2010-06-22T09:15:00Z,2010,Marian Bantjes,25,https://www.ted.com/talks/marian_bantjes_intricate_beauty_by_design
michael_shermer_the_pattern_behind_self_deception,884,מייקל שרמר: הדפוס מאחורי הונאה-עצמית,2010-02-10,2010-06-14T09:23:00Z,2010,Michael Shermer,36,https://www.ted.com/talks/michael_shermer_the_pattern_behind_self_deception
sir_ken_robinson_bring_on_the_learning_revolution,865,סר קן רובינסון:  הבו לנו את מהפכת החינוך!,2010-02-06,2010-05-24T09:06:00Z,2010,Sir Ken Robinson,50,https://www.ted.com/talks/sir_ken_robinson_bring_on_the_learning_revolution
william_li_can_we_eat_to_starve_cancer,859,האם נוכל לאכול על מנת להרעיב את הסרטן?,2010-02-10,2010-05-17T08:29:00Z,2010,William Li,39,https://www.ted.com/talks/william_li_can_we_eat_to_starve_cancer
jeremy_jackson_how_we_wrecked_the_ocean,850,ג'רמי ג'קסון: איך הרסנו את האוקיינוס,2010-04-09,2010-05-05T08:28:00Z,2010,Jeremy Jackson,25,https://www.ted.com/talks/jeremy_jackson_how_we_wrecked_the_ocean
sebastian_wernicke_lies_damned_lies_and_statistics_about_tedtalks,846,"שקרים, שקרים ענקיים, וסטטיסטיקה (על שיחות TED)",2010-02-10,2010-04-30T08:59:00Z,2010,Sebastian Wernicke,37,https://www.ted.com/talks/sebastian_wernicke_lies_damned_lies_and_statistics_about_tedtalks
james_randi_homeopathy_quackery_and_fraud,835,ג'יימס רנדי תוקף בלהט את הונאת המעלים-באוב,2007-02-02,2010-04-19T15:28:00Z,2007,James Randi,38,https://www.ted.com/talks/james_randi_homeopathy_quackery_and_fraud
adora_svitak_what_adults_can_learn_from_kids,815,"אדורה סויטק, מה המבוגרים יכולים ללמוד מהילדים",2010-02-13,2010-04-01T17:17:00Z,2010,Adora Svitak,50,https://www.ted.com/talks/adora_svitak_what_adults_can_learn_from_kids
sam_harris_science_can_answer_moral_questions,801,המדע יכול לענות על שאלות בנושאי מוסר,2010-02-11,2010-03-22T09:13:00Z,2010,סאם האריס,40,https://www.ted.com/talks/sam_harris_science_can_answer_moral_questions
srikumar_rao_plug_into_your_hard_wired_happiness,787,התחברו לאושר המובנה בתוככם.,2009-05-05,2019-04-23T16:28:43Z,2009,סריקומר ראו,23,https://www.ted.com/talks/srikumar_rao_plug_into_your_hard_wired_happiness
james_cameron_before_avatar_a_curious_boy,785,ג'יימס קמרון: לפני אווטר... ילד סקרן,2010-02-12,2010-03-04T09:10:00Z,2010,James Cameron,36,https://www.ted.com/talks/james_cameron_before_avatar_a_curious_boy
daniel_kahneman_the_riddle_of_experience_vs_memory,779,החידה של חוויה לעומת זיכרון,2010-02-10,2010-03-01T09:05:00Z,2010,דניאל כהנמן,39,https://www.ted.com/talks/daniel_kahneman_the_riddle_of_experience_vs_memory
pawan_sinha_how_brains_learn_to_see,776,פאוואן סינהא על איך שהמוח לומד לראות,2009-11-05,2010-02-25T08:40:00Z,2009,Pawan Sinha,31,https://www.ted.com/talks/pawan_sinha_how_brains_learn_to_see
temple_grandin_the_world_needs_all_kinds_of_minds,773,העולם זקוק לכל מיני מוחות,2010-02-10,2010-02-24T08:44:00Z,2010,טמפל גרנדין,37,https://www.ted.com/talks/temple_grandin_the_world_needs_all_kinds_of_minds
blaise_aguera_y_arcas_augmented_reality_maps,766,בלייס אגוורה אי ארכס מציג מפות מציאות מתוגברת,2010-02-11,2010-02-13T09:54:00Z,2010,Blaise Agüera y Arcas,28,https://www.ted.com/talks/blaise_aguera_y_arcas_augmented_reality_maps
jamie_oliver_teach_every_child_about_food,765,משאלת פרס TED של ג'יימי אוליבר: למדו כל ילד על אוכל,2010-02-20,2010-02-11T15:36:00Z,2010,Jamie Oliver,50,https://www.ted.com/talks/jamie_oliver_teach_every_child_about_food
derek_sivers_weird_or_just_different,755,"דרק סיברס: מוזר, או פשוט שונה?",2009-11-06,2010-01-29T08:54:00Z,2009,Derek Sivers,50,https://www.ted.com/talks/derek_sivers_weird_or_just_different
jane_chen_a_warm_embrace_that_saves_lives,752,ג'יין צ'ן: חיבוק חם שמציל חיים,2009-11-05,2010-01-28T09:07:00Z,2009,Jane Chen,43,https://www.ted.com/talks/jane_chen_a_warm_embrace_that_saves_lives
anthony_atala_growing_new_organs,744,אנתוני אטאלה על גידול איברים חדשים,2009-10-21,2010-01-21T08:53:00Z,2009,Anthony Atala,33,https://www.ted.com/talks/anthony_atala_growing_new_organs
david_blaine_how_i_held_my_breath_for_17_minutes,741,דיוויד בליין : איך לא נשמתי במשך 17 דקות,2009-10-27,2010-01-19T08:22:00Z,2009,David Blaine,34,https://www.ted.com/talks/david_blaine_how_i_held_my_breath_for_17_minutes
steven_cowley_fusion_is_energy_s_future,718,סטיבן קואלי: היתוך גרעיני הוא העתיד של תחום הפקת האנרגיה,2009-07-22,2009-12-22T08:41:00Z,2009,Steven Cowley,30,https://www.ted.com/talks/steven_cowley_fusion_is_energy_s_future
charles_anderson_dragonflies_that_fly_across_oceans,715,צ'ארלס אנדרסון מגלה שפיריות החוצות אוקיינוסים,2009-11-05,2009-12-17T09:06:00Z,2009,Charles Anderson,27,https://www.ted.com/talks/charles_anderson_dragonflies_that_fly_across_oceans
hans_rosling_asia_s_rise_how_and_when,695,האנס רוסלינג: עלייתה של אסיה -- איך ומתי,2009-11-04,2009-11-23T01:00:00Z,2009,Hans Rosling,36,https://www.ted.com/talks/hans_rosling_asia_s_rise_how_and_when
cynthia_schneider_the_surprising_spread_of_idol_tv,684,"סינתיה שניידר: התפשטותן המפתיעה של תוכניות ה""איידול"" בטלויזיה",2009-07-07,2009-11-13T01:00:00Z,2009,Cynthia Schneider,29,https://www.ted.com/talks/cynthia_schneider_the_surprising_spread_of_idol_tv
becky_blanton_the_year_i_was_homeless,669,בקי בלנטון: השנה שבה הייתי חסרת בית,2009-07-23,2009-10-28T08:29:00Z,2009,Becky  Blanton,37,https://www.ted.com/talks/becky_blanton_the_year_i_was_homeless
ian_goldin_navigating_our_global_future,665,איאן גולדין: מנווטים בעתידנו הגלובלי,2009-07-23,2009-10-23T01:00:00Z,2009,Ian Goldin,29,https://www.ted.com/talks/ian_goldin_navigating_our_global_future
sam_martin_claim_your_manspace,654,"סם מרטין: העולם המוזר של ""האזור הגברי""",2009-07-24,2009-10-09T08:40:00Z,2009,Sam Martin,34,https://www.ted.com/talks/sam_martin_claim_your_manspace
chimamanda_ngozi_adichie_the_danger_of_a_single_story,652,צ'יממנדה אדיצ'יה: הסכנה שבסיפור יחיד,2009-07-23,2009-10-07T01:00:00Z,2009,Chimamanda Ngozi Adichie,49,https://www.ted.com/talks/chimamanda_ngozi_adichie_the_danger_of_a_single_story
stefan_sagmeister_the_power_of_time_off,649,סטפן סגמייסטר: כוחו של פסק זמן,2009-07-23,2009-10-02T01:00:00Z,2009,Stefan Sagmeister,29,https://www.ted.com/talks/stefan_sagmeister_the_power_of_time_off
william_kamkwamba_how_i_harnessed_the_wind,642,וויליאם קמקוומבה: איך רתמתי את הרוח,2009-07-23,2009-09-23T08:21:00Z,2009,William Kamkwamba,46,https://www.ted.com/talks/william_kamkwamba_how_i_harnessed_the_wind
oliver_sacks_what_hallucination_reveals_about_our_minds,637,אוליבר סאקס: מה הזיות מגלות אודות הנפש שלנו,2009-02-05,2009-09-17T01:00:00Z,2009,Oliver Sacks,39,https://www.ted.com/talks/oliver_sacks_what_hallucination_reveals_about_our_minds
dan_pink_the_puzzle_of_motivation,618,הפאזל של המוטיבציה,2009-07-24,2009-08-24T01:00:00Z,2009,דן פינק,44,https://www.ted.com/talks/dan_pink_the_puzzle_of_motivation
alain_de_botton_a_kinder_gentler_philosophy_of_success,605,אלן דה בוטון: פילוסופיה של הצלחה אדיבה ומתונה יותר.,2009-07-21,2009-07-28T01:00:00Z,2009,Alain de Botton,47,https://www.ted.com/talks/alain_de_botton_a_kinder_gentler_philosophy_of_success
richard_st_john_success_is_a_continuous_journey,572,"ריצ'ארד סנט ג'ון: ""הצלחה היא מסע מתמשך""",2009-02-06,2009-06-12T01:00:00Z,2009,Richard St. John,50,https://www.ted.com/talks/richard_st_john_success_is_a_continuous_journey
michelle_obama_a_passionate_personal_case_for_education,555,מישל אובמה בשבח החינוך,2009-04-04,2009-05-27T01:00:00Z,2009,Michelle Obama,40,https://www.ted.com/talks/michelle_obama_a_passionate_personal_case_for_education
joachim_de_posada_don_t_eat_the_marshmallow,553,"חואכים דה פוסאדה אומר, אל תאכלו את המרשמלו... עדיין!",2009-02-05,2009-05-25T01:00:00Z,2009,Joachim de Posada,46,https://www.ted.com/talks/joachim_de_posada_don_t_eat_the_marshmallow
dan_ariely_are_we_in_control_of_our_own_decisions,548,דן אריאלי שואל: האם אנחנו שולטים בהחלטות שלנו?,2008-12-12,2009-05-19T01:00:00Z,2008,Dan Ariely,47,https://www.ted.com/talks/dan_ariely_are_we_in_control_of_our_own_decisions
hans_rosling_insights_on_hiv_in_stunning_data_visuals,540,האנס רוסלינג על נגיף ה-HIV : עובדות חדשות והמחשת מידע מדהימה,2009-02-06,2009-05-13T06:50:00Z,2009,Hans Rosling,42,https://www.ted.com/talks/hans_rosling_insights_on_hiv_in_stunning_data_visuals
brian_cox_what_went_wrong_at_the_lhc,531,בריאן קוקס: מה השתבש עם ה-LHC,2009-02-05,2009-05-01T09:26:00Z,2009,Brian Cox,40,https://www.ted.com/talks/brian_cox_what_went_wrong_at_the_lhc
kamal_meattle_how_to_grow_fresh_air,490,כאמאל מאטל - כיצד לגדל אוויר נקי משלך,2009-02-05,2009-03-20T01:00:00Z,2009,Kamal Meattle,46,https://www.ted.com/talks/kamal_meattle_how_to_grow_fresh_air
adam_savage_my_obsession_with_objects_and_the_stories_they_tell,488,האובססיות של אדם סבאג',2008-12-12,2009-03-18T01:00:00Z,2008,Adam Savage,38,https://www.ted.com/talks/adam_savage_my_obsession_with_objects_and_the_stories_they_tell
dan_ariely_our_buggy_moral_code,487,דן אריאלי על הקוד המוסרי המשובש שלנו,2009-02-07,2009-03-17T01:00:00Z,2009,Dan Ariely,36,https://www.ted.com/talks/dan_ariely_our_buggy_moral_code
dan_dennett_cute_sexy_sweet_funny,485,"חמוד, סקסי, מתוק, מצחיק",2009-02-05,2009-03-16T01:00:00Z,2009,דן דנט,36,https://www.ted.com/talks/dan_dennett_cute_sexy_sweet_funny
aimee_mullins_my_12_pairs_of_legs,482,איימי מולינס ושנים עשר זוגות רגליה,2009-02-05,2009-03-11T01:00:00Z,2009,Aimee Mullins,42,https://www.ted.com/talks/aimee_mullins_my_12_pairs_of_legs
pattie_maes_pranav_mistry_meet_the_sixthsense_interaction,481,"פטי מייס מציגה את ""החוש השישי"", טכנולוגיה לבישה המשנה את כללי המשחק",2009-02-06,2009-03-10T01:00:00Z,2009,Pattie Maes + Pranav Mistry,44,https://www.ted.com/talks/pattie_maes_pranav_mistry_meet_the_sixthsense_interaction
evan_williams_the_voices_of_twitter_users,473,אוון וויליאמס מאזין למשתמשי טוויטר,2009-02-05,2009-02-27T01:00:00Z,2009,אוון וויליאמס,33,https://www.ted.com/talks/evan_williams_the_voices_of_twitter_users
charles_moore_seas_of_plastic,470,ים הפלסטיק,2009-02-05,2009-02-24T01:00:00Z,2009,צ'רלס מור,36,https://www.ted.com/talks/charles_moore_seas_of_plastic
sylvia_earle_my_wish_protect_our_oceans,467,"משאלת פרס TED של סילביה ארל, להגן על האוקיינוסים שלנו.",2009-02-05,2009-02-19T01:00:00Z,2009,Sylvia Earle,31,https://www.ted.com/talks/sylvia_earle_my_wish_protect_our_oceans
elizabeth_gilbert_your_elusive_creative_genius,453,אליזבט גילברט על טיפוח היצירתיות,2009-02-05,2009-02-09T01:00:00Z,2009,Elizabeth Gilbert,50,https://www.ted.com/talks/elizabeth_gilbert_your_elusive_creative_genius
peter_ward_a_theory_of_earth_s_mass_extinctions,440,פיטר ווארד על הכחדות המוניות,2008-02-27,2009-01-27T01:00:00Z,2008,Peter Ward,24,https://www.ted.com/talks/peter_ward_a_theory_of_earth_s_mass_extinctions
paula_scher_great_design_is_serious_not_solemn,435,פולה שר נהיית רצינית,2008-05-05,2009-01-16T01:00:00Z,2008,Paula Scher,19,https://www.ted.com/talks/paula_scher_great_design_is_serious_not_solemn
dennis_vanengelsdorp_a_plea_for_bees,416,דניס ון-אנגדלסדורפ: תחינה למען הדבורים,2008-07-19,2008-12-10T15:58:00Z,2008,Dennis vanEngelsdorp,25,https://www.ted.com/talks/dennis_vanengelsdorp_a_plea_for_bees
gregory_petsko_the_coming_neurological_epidemic,408,The coming neurological epidemic,2008-02-02,2008-11-30T20:38:00Z,2008,Gregory Petsko,39,https://www.ted.com/talks/gregory_petsko_the_coming_neurological_epidemic
andy_hobsbawm_do_the_green_thing,407,אנדי הובסבאום אומר: תעשו את הדבר הירוק,2008-02-02,2008-11-26T10:03:00Z,2008,Andy Hobsbawm,45,https://www.ted.com/talks/andy_hobsbawm_do_the_green_thing
dan_barber_a_foie_gras_parable,406,משל כבד האווז המפתיע של דן ברבר,2008-07-18,2008-11-24T19:57:00Z,2008,Dan Barber,25,https://www.ted.com/talks/dan_barber_a_foie_gras_parable
tim_brown_tales_of_creativity_and_play,392,טים בראון על יצירתיות ומשחק,2008-05-07,2008-11-06T01:00:00Z,2008,Tim Brown,26,https://www.ted.com/talks/tim_brown_tales_of_creativity_and_play
philip_zimbardo_the_psychology_of_evil,272,הפסיכולוגיה של הרוע: איך אנשים רגילים הופכים למפלצות - או לגיבורים,2008-02-02,2008-09-23T01:00:00Z,2008,פיליפ זימבארדו,34,https://www.ted.com/talks/philip_zimbardo_the_psychology_of_evil
jonathan_haidt_the_moral_roots_of_liberals_and_conservatives,341,ג'ונתן היידט על שורשי המוסר של ליברלים ושמרנים,2008-03-01,2008-09-17T01:00:00Z,2008,ג'ונתן היידט,32,https://www.ted.com/talks/jonathan_haidt_the_moral_roots_of_liberals_and_conservatives
jonathan_drori_what_we_think_we_know,333,מה אנו סבורים שאנו יודעים,2007-02-02,2008-09-05T01:00:00Z,2007,ג'ונתן דרורי,28,https://www.ted.com/talks/jonathan_drori_what_we_think_we_know
kevin_kelly_the_next_5_000_days_of_the_web,319,"קווין קלי על 5,000 הימים הבאים של הרשת.",2007-12-12,2008-07-28T14:01:00Z,2007,Kevin Kelly,27,https://www.ted.com/talks/kevin_kelly_the_next_5_000_days_of_the_web
a_j_jacobs_my_year_of_living_biblically,301,"""השנה המקראית שלי"" מאת איי. ג'יי. יעקב",2007-12-02,2008-07-17T01:00:00Z,2007,A.J. Jacobs,39,https://www.ted.com/talks/a_j_jacobs_my_year_of_living_biblically
nellie_mckay_mother_of_pearl_if_i_had_you,296,נלי מק'קיי שרה עם הומור מנצנץ,2008-02-02,2008-07-11T06:00:00Z,2008,Nellie McKay,24,https://www.ted.com/talks/nellie_mckay_mother_of_pearl_if_i_had_you
adam_grosser_a_mobile_fridge_for_vaccines,285,אדם גרוסר והמקרר בר-הקיימא שלו,2007-02-02,2008-06-23T01:00:00Z,2007,Adam Grosser,50,https://www.ted.com/talks/adam_grosser_a_mobile_fridge_for_vaccines
dean_ornish_your_genes_are_not_your_fate,252,הגנים שלכם לא חורצים את גורלכם,2008-03-03,2008-06-16T01:00:00Z,2008,דין אורניש,50,https://www.ted.com/talks/dean_ornish_your_genes_are_not_your_fate
murray_gell_mann_the_ancestor_of_language,276,מארי גל-מאן על האם הקדמונית של השפה,2007-03-03,2008-06-11T01:00:00Z,2007,Murray Gell-Mann,50,https://www.ted.com/talks/murray_gell_mann_the_ancestor_of_language
mark_bittman_what_s_wrong_with_what_we_eat,263,מה לא בסדר עם מה שאנחנו אוכלים,2007-12-12,2008-05-15T03:43:00Z,2007,מרק ביטמן,30,https://www.ted.com/talks/mark_bittman_what_s_wrong_with_what_we_eat
alisa_miller_how_the_news_distorts_our_worldview,248,אליסה מילר מפיצה את החדשות בנוגע לחדשות,2008-03-03,2008-05-14T01:35:00Z,2008,Alisa Miller,50,https://www.ted.com/talks/alisa_miller_how_the_news_distorts_our_worldview
joshua_klein_a_thought_experiment_on_the_intelligence_of_crows,261,יהושע קליין על התבונה של העורבים,2008-03-03,2008-05-13T07:27:00Z,2008,Joshua Klein,34,https://www.ted.com/talks/joshua_klein_a_thought_experiment_on_the_intelligence_of_crows
paul_stamets_6_ways_mushrooms_can_save_the_world,258,פול סטאמטס על 6 דרכים בהן פטריות יכולות להציל את העולם,2008-03-03,2008-05-06T04:00:00Z,2008,Paul Stamets,29,https://www.ted.com/talks/paul_stamets_6_ways_mushrooms_can_save_the_world
brian_cox_cern_s_supercollider,253,בריאן קוקס על מאיץ החלקיקים החדש של סרן,2008-03-03,2008-04-29T01:47:00Z,2008,Brian Cox,38,https://www.ted.com/talks/brian_cox_cern_s_supercollider
amy_tan_where_does_creativity_hide,250,איימי טאן על יצירתיות,2008-02-02,2008-04-22T04:38:00Z,2008,Amy Tan,34,https://www.ted.com/talks/amy_tan_where_does_creativity_hide
al_gore_new_thinking_on_the_climate_crisis,243,אל גור: חשיבה מחודשת על משבר האקלים,2008-03-03,2008-04-08T01:27:00Z,2008,Al Gore,44,https://www.ted.com/talks/al_gore_new_thinking_on_the_climate_crisis
stephen_hawking_questioning_the_universe,242,שאלות אודות היקום,2008-02-27,2008-04-04T01:31:00Z,2008,סטיבן הוקינג,42,https://www.ted.com/talks/stephen_hawking_questioning_the_universe
dave_eggers_my_wish_once_upon_a_school,233,המשאלה שלי: אז בבית הספר,2008-02-28,2008-03-18T01:59:00Z,2008,Dave Eggers,32,https://www.ted.com/talks/dave_eggers_my_wish_once_upon_a_school
jill_bolte_taylor_my_stroke_of_insight,229,התקף התובנה רב-העוצמה של ג'יל בולטי טיילור,2008-02-27,2008-03-12T01:10:00Z,2008,ג'יל בולטי טיילור,49,https://www.ted.com/talks/jill_bolte_taylor_my_stroke_of_insight
craig_venter_on_the_verge_of_creating_synthetic_life,227,קרייג וונטר עומד על סף יצירת חיים סינתטיים,2008-02-28,2008-03-06T01:38:00Z,2008,Craig Venter,24,https://www.ted.com/talks/craig_venter_on_the_verge_of_creating_synthetic_life
david_gallo_underwater_astonishments,206,דייוויד גאלו מציג פלאים תת-ימיים,2007-03-03,2008-01-11T00:28:00Z,2007,David Gallo,50,https://www.ted.com/talks/david_gallo_underwater_astonishments
j_j_abrams_the_mystery_box,205,קופסת המיסתורין של ג'יי ג'יי אברמס,2007-03-03,2008-01-10T06:00:00Z,2007,J.J. Abrams,31,https://www.ted.com/talks/j_j_abrams_the_mystery_box
lakshmi_pratury_the_lost_art_of_letter_writing,201,לקשמי פרטורי על כתיבת- מכתבים,2007-03-03,2007-12-20T06:49:00Z,2007,Lakshmi Pratury,44,https://www.ted.com/talks/lakshmi_pratury_the_lost_art_of_letter_writing
vs_ramachandran_3_clues_to_understanding_your_brain,184,3 רמזים להבנת המוח שלנו,2007-03-03,2007-10-21T08:15:00Z,2007,ויליאנור ראמצ'אנדרן,36,https://www.ted.com/talks/vs_ramachandran_3_clues_to_understanding_your_brain
zeresenay_alemseged_the_search_for_humanity_s_roots,168,זרסניי אלמסגד תר אחרי מקורות האנושות,2007-06-07,2007-09-18T07:00:00Z,2007,Zeresenay Alemseged,28,https://www.ted.com/talks/zeresenay_alemseged_the_search_for_humanity_s_roots
dean_kamen_luke_a_new_prosthetic_arm_for_soldiers,82,דין קיימן מציג זרוע תותבת מכנית חדשה.,2007-03-09,2007-08-28T06:00:00Z,2007,Dean Kamen,32,https://www.ted.com/talks/dean_kamen_luke_a_new_prosthetic_arm_for_soldiers
william_kamkwamba_how_i_built_a_windmill,153,וויליאם קמקוומבה על בניית טחנת רוח,2007-06-05,2007-07-31T11:20:00Z,2007,William Kamkwamba,46,https://www.ted.com/talks/william_kamkwamba_how_i_built_a_windmill
alan_russell_the_potential_of_regenerative_medicine,142,אלן ראסל על התחדשות הגוף שלנו,2006-02-02,2007-07-04T10:45:00Z,2006,Alan Russell,33,https://www.ted.com/talks/alan_russell_the_potential_of_regenerative_medicine
blaise_aguera_y_arcas_how_photosynth_can_connect_the_world_s_images,129,בלייז אגרה אי ארקס מדגים את פוטוסינת,2007-03-03,2007-05-27T00:37:00Z,2007,Blaise Agüera y Arcas,36,https://www.ted.com/talks/blaise_aguera_y_arcas_how_photosynth_can_connect_the_world_s_images
james_nachtwey_my_wish_let_my_photographs_bear_witness,84,משאלתי היא לאפשר לתמונותי להעיד,2007-03-08,2007-04-03T00:11:00Z,2007,ג'יימס נאכטווי,26,https://www.ted.com/talks/james_nachtwey_my_wish_let_my_photographs_bear_witness
e_o_wilson_my_wish_build_the_encyclopedia_of_life,83,אדווארד ווילסון מדבר על הצלת חיים על פני כדור הארץ,2007-03-08,2007-04-03T00:11:00Z,2007,E.O. Wilson,28,https://www.ted.com/talks/e_o_wilson_my_wish_build_the_encyclopedia_of_life
dean_ornish_the_killer_american_diet_that_s_sweeping_the_planet,10,דין אורניש על התזונה העולמית הרצחנית,2006-02-23,2006-12-14T00:11:00Z,2006,Dean Ornish,50,https://www.ted.com/talks/dean_ornish_the_killer_american_diet_that_s_sweeping_the_planet
michael_shermer_why_people_believe_weird_things,22,מייקל שרמר מדבר על אמונה בדברים מוזרים,2006-02-23,2006-11-08T00:11:00Z,2006,Michael Shermer,43,https://www.ted.com/talks/michael_shermer_why_people_believe_weird_things
burt_rutan_the_real_future_of_space_exploration,4,ברט רוטאן רואה את עתיד החלל,2006-02-24,2006-10-25T00:11:00Z,2006,Burt Rutan,29,https://www.ted.com/talks/burt_rutan_the_real_future_of_space_exploration
sirena_huang_an_11_year_old_s_magical_violin,45,סירנה הואנג מהממת על הכינור,2006-02-23,2006-08-08T00:11:00Z,2006,Sirena Huang,34,https://www.ted.com/talks/sirena_huang_an_11_year_old_s_magical_violin
dan_dennett_let_s_teach_religion_all_religion_in_schools,94,בואו נלמד דת - את כל הדתות - בבתי הספר: תשובתו של דן דנט לכומר ריק וורן,2006-02-02,2006-07-18T00:11:00Z,2006,דן דֶנֶט,33,https://www.ted.com/talks/dan_dennett_let_s_teach_religion_all_religion_in_schools
julia_sweeney_letting_go_of_god,86,ג'וליה סוויני: להשתחרר מאלוהים,2006-02-24,2006-07-10T00:11:00Z,2006,Julia Sweeney,31,https://www.ted.com/talks/julia_sweeney_letting_go_of_god
hans_rosling_the_best_stats_you_ve_ever_seen,92,הנס רוסלינג מציג את הנתונים הכי טובים שיצא לכם לראות,2006-02-22,2006-06-27T20:38:00Z,2006,Hans Rosling,49,https://www.ted.com/talks/hans_rosling_the_best_stats_you_ve_ever_seen
majora_carter_greening_the_ghetto,53,סיפורה של מג'ורה קרטר על התחדשות עירונית,2006-02-26,2006-06-27T00:11:00Z,2006,Majora Carter,35,https://www.ted.com/talks/majora_carter_greening_the_ghetto
